{"cameraMode":{"drawMode":0,"name":"Shaded","section":"Shading Mode"},"sceneLighting":true,"audioPlay":false,"sceneViewState":{"showFog":true,"showMaterialUpdate":false,"showSkybox":true,"showFlares":true,"showImageEffects":true,"showParticleSystems":true},"in2DMode":false,"pivot":{"x":-11.409501075744629,"y":-5.944215774536133,"z":-15.840301513671875},"rotation":{"x":-0.16273675858974458,"y":-0.02071833610534668,"z":0.0034179745707660915,"w":-0.9864460825920105},"size":79.00341033935547,"orthographic":false}