{"cameraMode":{"drawMode":0,"name":"Shaded","section":"Shading Mode"},"sceneLighting":false,"audioPlay":false,"sceneViewState":{"showFog":true,"showMaterialUpdate":false,"showSkybox":false,"showFlares":true,"showImageEffects":true,"showParticleSystems":true},"in2DMode":false,"pivot":{"x":2.057220458984375,"y":4.998258113861084,"z":-41.83876037597656},"rotation":{"x":-0.691903829574585,"y":0.01732148975133896,"z":-0.016608865931630136,"w":-0.7215908169746399},"size":2.541658639907837,"orthographic":false}