{"cameraMode":{"drawMode":0,"name":"Shaded","section":"Shading Mode"},"sceneLighting":true,"audioPlay":false,"sceneViewState":{"showFog":true,"showMaterialUpdate":true,"showSkybox":true,"showFlares":false,"showImageEffects":true,"showParticleSystems":false},"in2DMode":false,"pivot":{"x":0.28261327743530276,"y":6.332380294799805,"z":-63.69568634033203},"rotation":{"x":-0.10199572145938873,"y":0.051304712891578677,"z":-0.005267320200800896,"w":-0.9934470057487488},"size":11.523123741149903,"orthographic":false}